{
  "uss_mean": 0.4416481213285545,
  "uss_std": 0.40048632258743694,
  "logit_margin_variance_mean": 3.429942101918017,
  "logit_margin_variance_std": 6.861806934298314,
  "entropy_variance_mean": 0.06113049799054342,
  "entropy_variance_std": 0.060948048698143874,
  "mean_entropy_mean": 0.5784835154926827,
  "mean_entropy_std": 0.3647602593887104,
  "std_entropy_mean": 0.21470669698448194,
  "std_entropy_std": 0.12260314947242289,
  "mean_logit_margin_mean": 2.7478194458545184,
  "mean_logit_margin_std": 2.117613241738553,
  "prediction_flip_rate": 0.392,
  "n_samples": 250,
  "model": "mistralai/ministral-3b-2512",
  "dataset": "truthfulqa",
  "timestamp": "2026-04-02T14:23:41"
}