{
  "uss_mean": -0.232387650955866,
  "uss_std": 0.606219324730065,
  "logit_margin_variance_mean": 9.089485364413834,
  "logit_margin_variance_std": 10.599027120509295,
  "entropy_variance_mean": 0.01838022316231108,
  "entropy_variance_std": 0.03967596456640699,
  "mean_entropy_mean": 0.07784581729326202,
  "mean_entropy_std": 0.1463584416100556,
  "std_entropy_mean": 0.06733774153551517,
  "std_entropy_std": 0.11766839731723737,
  "mean_logit_margin_mean": 13.34936276592694,
  "mean_logit_margin_std": 6.441600568759636,
  "prediction_flip_rate": 0.184,
  "n_samples": 250,
  "model": "gpt-4o-mini",
  "dataset": "truthfulqa",
  "timestamp": "2026-04-01T17:47:13"
}